{
    "atk": [
        {
            "time": 1.0,
            "boxID": 0,
            "HeartPosition": {
                "x": 3.3499999046325685,
                "y": 1.6100000143051148
            }
        },
        {
            "time": 204.0,
            "boxID": 0,
            "HeartPosition": {
                "x": 3.3499999046325685,
                "y": 1.6100000143051148
            }
        },
        {
            "time": 3.0,
            "boxID": 1,
            "HeartPosition": {
                "x": 3.618000030517578,
                "y": 1.0829999446868897
            }
        }
    ]
}