{
    "box": [
        {
            "Vleft": {
                "x": 1.5299999713897706,
                "y": 1.600000023841858
            },
            "Vright": {
                "x": 5.119999885559082,
                "y": 1.600000023841858
            },
            "Vup": {
                "x": 3.3299999237060549,
                "y": 3.3499999046325685
            },
            "Vdown": {
                "x": 3.3299999237060549,
                "y": -0.14000000059604646
            },
            "Syleft": 2.93184494972229,
            "Syright": 2.93184494972229,
            "Syup": 2.974637031555176,
            "Sydown": 2.974637031555176
        },
        {
            "Vleft": {
                "x": -0.25,
                "y": 1.339964747428894
            },
            "Vright": {
                "x": 6.809999828338623,
                "y": 1.339964747428894
            },
            "Vup": {
                "x": 3.2600000381469728,
                "y": 2.81996488571167
            },
            "Vdown": {
                "x": 3.2600000381469728,
                "y": -0.14000000059604646
            },
            "Syleft": 2.445539951324463,
            "Syright": 2.445539951324463,
            "Syup": 5.879999828338623,
            "Sydown": 5.879999828338623
 },
        {
            "Vleft": {
                "x": 0.25,
                "y": 1.339964747428894
            },
            "Vright": {
                "x": 5.179999828338623,
                "y": 1.339964747428894
            },
            "Vup": {
                "x": 2.7100000381469728,
                "y": 2.81996488571167
            },
            "Vdown": {
                "x": 2.7100000381469728,
                "y": -0.14000000059604646
            },
            "Syleft": 2.445539951324463,
            "Syright": 2.445539951324463,
            "Syup": 4.109999828338623,
            "Sydown": 4.109999828338623
       }, 
{
            "Vleft": {
                "x": 1.9799999713897706,
                "y": 1.74000023841858
            },
            "Vright": {
                "x": 4.669999885559082,
                "y": 1.740000023841858
            },
            "Vup": {
                "x": 3.3299999237060549,
                "y": 3.2499999046325685
            },
            "Vdown": {
                "x": 3.3299999237060549,
                "y": 0.24000000059604646
            },
            "Syleft": 2.53184494972229,
            "Syright": 2.53184494972229,
            "Syup": 2.174637031555176,
            "Sydown": 2.14637031555176
}, 
{
            "Vleft": {
                "x": 2.5799999713897706,
                "y": 1.74000023841858
            },
            "Vright": {
                "x": 4.269999885559082,
                "y": 1.740000023841858
            },
            "Vup": {
                "x": 3.4299999237060549,
                "y": 2.3499999046325685
            },
            "Vdown": {
                "x": 3.4299999237060549,
                "y": 1.14000000059604646
            },
            "Syleft": 1.03184494972229,
            "Syright": 1.03184494972229,
            "Syup": 1.374637031555176,
            "Sydown": 1.37637031555176
}, 
{
            "Vleft": {
                "x": 201010.5799999713897706,
                "y": 1.74000023841858
            },
            "Vright": {
                "x": 40101.269999885559082,
                "y": 1.740000023841858
            },
            "Vup": {
                "x": 3010101.4299999237060549,
                "y": 2.3499999046325685
            },
            "Vdown": {
                "x": 191991.4299999237060549,
                "y": 1.14000000059604646
            },
            "Syleft": 1.03184494972229,
            "Syright": 1.03184494972229,
            "Syup": 1.374637031555176,
            "Sydown": 1.37637031555176
        }
    ]
}